{
    "name": "root",
    "gauges": {
        "Jumper.Policy.Entropy.mean": {
            "value": 0.04729624465107918,
            "min": 0.0017047518631443381,
            "max": 0.6259180307388306,
            "count": 31
        },
        "Jumper.Policy.Entropy.sum": {
            "value": 472.2056884765625,
            "min": 17.02024269104004,
            "max": 6289.22412109375,
            "count": 31
        },
        "Jumper.Step.mean": {
            "value": 309952.0,
            "min": 9984.0,
            "max": 309952.0,
            "count": 31
        },
        "Jumper.Step.sum": {
            "value": 309952.0,
            "min": 9984.0,
            "max": 309952.0,
            "count": 31
        },
        "Jumper.Policy.ExtrinsicValueEstimate.mean": {
            "value": 0.01914806477725506,
            "min": -1.9196182489395142,
            "max": 0.12815678119659424,
            "count": 31
        },
        "Jumper.Policy.ExtrinsicValueEstimate.sum": {
            "value": 2.987097978591919,
            "min": -299.46044921875,
            "max": 19.99245834350586,
            "count": 31
        },
        "Jumper.Losses.PolicyLoss.mean": {
            "value": 0.2406585627347037,
            "min": 0.18090417762675012,
            "max": 0.32426448782401474,
            "count": 31
        },
        "Jumper.Losses.PolicyLoss.sum": {
            "value": 0.9626342509388148,
            "min": 0.729146190918982,
            "max": 1.6028631954686714,
            "count": 31
        },
        "Jumper.Losses.ValueLoss.mean": {
            "value": 0.007584380962384785,
            "min": 0.0002241580632471596,
            "max": 0.31302522607923794,
            "count": 31
        },
        "Jumper.Losses.ValueLoss.sum": {
            "value": 0.03033752384953914,
            "min": 0.001120790316235798,
            "max": 1.2521009043169518,
            "count": 31
        },
        "Jumper.Policy.LearningRate.mean": {
            "value": 0.00029816889661036795,
            "min": 0.00029816889661036795,
            "max": 0.00029996832001055995,
            "count": 31
        },
        "Jumper.Policy.LearningRate.sum": {
            "value": 0.0011926755864414718,
            "min": 0.0011926755864414718,
            "max": 0.0014995564801478399,
            "count": 31
        },
        "Jumper.Policy.Epsilon.mean": {
            "value": 0.199389632,
            "min": 0.199389632,
            "max": 0.19998944,
            "count": 31
        },
        "Jumper.Policy.Epsilon.sum": {
            "value": 0.797558528,
            "min": 0.797558528,
            "max": 0.99985216,
            "count": 31
        },
        "Jumper.Policy.Beta.mean": {
            "value": 0.0049695426368,
            "min": 0.0049695426368,
            "max": 0.004999473056,
            "count": 31
        },
        "Jumper.Policy.Beta.sum": {
            "value": 0.0198781705472,
            "min": 0.0198781705472,
            "max": 0.024992622784,
            "count": 31
        },
        "Jumper.IsTraining.mean": {
            "value": 1.0,
            "min": 1.0,
            "max": 1.0,
            "count": 31
        },
        "Jumper.IsTraining.sum": {
            "value": 1.0,
            "min": 1.0,
            "max": 1.0,
            "count": 31
        }
    },
    "metadata": {
        "timer_format_version": "0.1.0",
        "start_time_seconds": "1675027888",
        "python_version": "3.8.16 (default, Jan 17 2023, 22:25:28) [MSC v.1916 64 bit (AMD64)]",
        "command_line_arguments": "C:\\Users\\Crawfis\\.conda\\envs\\mlagents_Jumper\\Scripts\\mlagents-learn trainer_config_for_mlagentsV2andGreater.yaml --run-id=JumperAI_1",
        "mlagents_version": "0.30.0",
        "mlagents_envs_version": "0.30.0",
        "communication_protocol_version": "1.5.0",
        "pytorch_version": "1.13.1+cpu",
        "numpy_version": "1.21.2",
        "end_time_seconds": "1675029923"
    },
    "total": 2034.8637688,
    "count": 1,
    "self": 0.007850399999824731,
    "children": {
        "run_training.setup": {
            "total": 0.10753350000000017,
            "count": 1,
            "self": 0.10753350000000017
        },
        "TrainerController.start_learning": {
            "total": 2034.7483849,
            "count": 1,
            "self": 7.201408300035837,
            "children": {
                "TrainerController._reset_env": {
                    "total": 44.7670655,
                    "count": 1,
                    "self": 44.7670655
                },
                "TrainerController.advance": {
                    "total": 1982.5956933999641,
                    "count": 319572,
                    "self": 6.325821799988034,
                    "children": {
                        "env_step": {
                            "total": 1624.3156360999722,
                            "count": 319572,
                            "self": 1224.2684491999705,
                            "children": {
                                "SubprocessEnvManager._take_step": {
                                    "total": 395.5175222999509,
                                    "count": 319572,
                                    "self": 18.89433429991152,
                                    "children": {
                                        "TorchPolicy.evaluate": {
                                            "total": 376.62318800003936,
                                            "count": 319572,
                                            "self": 376.62318800003936
                                        }
                                    }
                                },
                                "workers": {
                                    "total": 4.529664600050822,
                                    "count": 319571,
                                    "self": 0.0,
                                    "children": {
                                        "worker_root": {
                                            "total": 1980.6866796000047,
                                            "count": 319571,
                                            "is_parallel": true,
                                            "self": 1076.3660848000527,
                                            "children": {
                                                "steps_from_proto": {
                                                    "total": 0.0003884000000056176,
                                                    "count": 1,
                                                    "is_parallel": true,
                                                    "self": 0.0002001000000007025,
                                                    "children": {
                                                        "_process_rank_one_or_two_observation": {
                                                            "total": 0.0001883000000049151,
                                                            "count": 2,
                                                            "is_parallel": true,
                                                            "self": 0.0001883000000049151
                                                        }
                                                    }
                                                },
                                                "UnityEnvironment.step": {
                                                    "total": 904.320206399952,
                                                    "count": 319571,
                                                    "is_parallel": true,
                                                    "self": 25.124674400014896,