{
    "name": "root",
    "gauges": {
        "Jumper.Policy.Entropy.mean": {
            "value": 0.00030952581437304616,
            "min": 0.00030952581437304616,
            "max": 0.6229130625724792,
            "count": 58
        },
        "Jumper.Policy.Entropy.sum": {
            "value": 3.090305805206299,
            "min": 3.090305805206299,
            "max": 6259.0302734375,
            "count": 58
        },
        "Jumper.Step.mean": {
            "value": 579968.0,
            "min": 9984.0,
            "max": 579968.0,
            "count": 58
        },
        "Jumper.Step.sum": {
            "value": 579968.0,
            "min": 9984.0,
            "max": 579968.0,
            "count": 58
        },
        "Jumper.Policy.ExtrinsicValueEstimate.mean": {
            "value": -0.835382878780365,
            "min": -2.0507652759552,
            "max": 0.10245340317487717,
            "count": 58
        },
        "Jumper.Policy.ExtrinsicValueEstimate.sum": {
            "value": -130.31973266601562,
            "min": -319.91937255859375,
            "max": 15.982730865478516,
            "count": 58
        },
        "Jumper.Losses.PolicyLoss.mean": {
            "value": 0.3217787396919448,
            "min": 0.17029095944114184,
            "max": 0.361645030482517,
            "count": 58
        },
        "Jumper.Losses.PolicyLoss.sum": {
            "value": 1.608893698459724,
            "min": 0.6811638377645673,
            "max": 1.808225152412585,
            "count": 58
        },
        "Jumper.Losses.ValueLoss.mean": {
            "value": 0.0013160433790441555,
            "min": 4.963016100797782e-05,
            "max": 0.3120350438791017,
            "count": 58
        },
        "Jumper.Losses.ValueLoss.sum": {
            "value": 0.0065802168952207776,
            "min": 0.00020571896093694403,
            "max": 1.2481401755164068,
            "count": 58
        },
        "Jumper.Policy.LearningRate.mean": {
            "value": 0.000296553217148928,
            "min": 0.000296553217148928,
            "max": 0.00029996832001055995,
            "count": 58
        },
        "Jumper.Policy.LearningRate.sum": {
            "value": 0.0014827660857446398,
            "min": 0.00118644096451968,
            "max": 0.0014995564801478399,
            "count": 58
        },
        "Jumper.Policy.Epsilon.mean": {
            "value": 0.19885107200000005,
            "min": 0.19885107200000005,
            "max": 0.19998944,
            "count": 58
        },
        "Jumper.Policy.Epsilon.sum": {
            "value": 0.9942553600000003,
            "min": 0.7954803200000001,
            "max": 0.99985216,
            "count": 58
        },
        "Jumper.Policy.Beta.mean": {
            "value": 0.0049426684928,
            "min": 0.0049426684928,
            "max": 0.004999473056,
            "count": 58
        },
        "Jumper.Policy.Beta.sum": {
            "value": 0.024713342464,
            "min": 0.019774467968,
            "max": 0.024992622784,
            "count": 58
        },
        "Jumper.IsTraining.mean": {
            "value": 1.0,
            "min": 1.0,
            "max": 1.0,
            "count": 58
        },
        "Jumper.IsTraining.sum": {
            "value": 1.0,
            "min": 1.0,
            "max": 1.0,
            "count": 58
        }
    },
    "metadata": {
        "timer_format_version": "0.1.0",
        "start_time_seconds": "1675035117",
        "python_version": "3.8.16 (default, Jan 17 2023, 22:25:28) [MSC v.1916 64 bit (AMD64)]",
        "command_line_arguments": "C:\\Users\\Crawfis\\.conda\\envs\\mlagents_Jumper\\Scripts\\mlagents-learn trainer_config_for_mlagentsV2andGreater.yaml --run-id=JumperAI_3",
        "mlagents_version": "0.30.0",
        "mlagents_envs_version": "0.30.0",
        "communication_protocol_version": "1.5.0",
        "pytorch_version": "1.13.1+cpu",
        "numpy_version": "1.21.2",
        "end_time_seconds": "1675038579"
    },
    "total": 3461.6913946,
    "count": 1,
    "self": 0.008324399999764864,
    "children": {
        "run_training.setup": {
            "total": 0.0789648999999999,
            "count": 1,
            "self": 0.0789648999999999
        },
        "TrainerController.start_learning": {
            "total": 3461.6041053000004,
            "count": 1,
            "self": 12.348189699941031,
            "children": {
                "TrainerController._reset_env": {
                    "total": 10.1848935,
                    "count": 1,
                    "self": 10.1848935
                },
                "TrainerController.advance": {
                    "total": 3438.985178800059,
                    "count": 584546,
                    "self": 11.137615999904028,
                    "children": {
                        "env_step": {
                            "total": 2771.9591080001533,
                            "count": 584546,
                            "self": 2055.932134800334,
                            "children": {
                                "SubprocessEnvManager._take_step": {
                                    "total": 707.9614841999396,
                                    "count": 584546,
                                    "self": 34.15972239994346,
                                    "children": {
                                        "TorchPolicy.evaluate": {
                                            "total": 673.8017617999961,
                                            "count": 584546,
                                            "self": 673.8017617999961
                                        }
                                    }
                                },
                                "workers": {
                                    "total": 8.065488999879683,
                                    "count": 584545,
                                    "self": 0.0,
                                    "children": {
                                        "worker_root": {
                                            "total": 3425.1241698000704,
                                            "count": 584545,
                                            "is_parallel": true,
                                            "self": 1933.733328200128,
                                            "children": {
                                                "steps_from_proto": {
                                                    "total": 0.004302700000000215,
                                                    "count": 1,
                                                    "is_parallel": true,
                                                    "self": 0.0016289000000000442,
                                                    "children": {
                                                        "_process_rank_one_or_two_observation": {
                                                            "total": 0.0026738000000001705,
                                                            "count": 2,
                                                            "is_parallel": true,
                                                            "self": 0.0026738000000001705
                                                        }
                                                    }
                                                },
                                                "UnityEnvironment.step": {
                                                    "total": 1491.3865388999425,
                                                    "count": 584545,
                                                    "is_parallel": true,
                                                    "self": 44.08037310023042,