{"count":1,"self":86.27503999999999,"total":649.13952439999991,"children":{"InitializeActuators":{"count":50,"self":0.0020006,"total":0.0020006,"children":null},"InitializeSensors":{"count":50,"self":0.0035074999999999998,"total":0.0035074999999999998,"children":null},"AgentSendState":{"count":30067,"self":9.5015368,"total":24.5802794,"children":{"CollectObservations":{"count":628336,"self":1.1850692999999999,"total":1.1850692999999999,"children":null},"WriteActionMask":{"count":628336,"self":1.0896694,"total":1.0896694,"children":null},"RequestDecision":{"count":628336,"self":4.035474,"total":12.8040041,"children":{"AgentInfo.ToProto":{"count":628336,"self":2.8792872,"total":8.76853,"children":{"GenerateSensorData":{"count":628336,"self":4.714716,"total":5.8892428,"children":{"RayPerceptionSensor.Perceive":{"count":628336,"self":1.1745269,"total":1.1745269,"children":null}}}}}}}}},"DecideAction":{"count":30067,"self":537.2507648,"total":537.2507465,"children":null},"AgentAct":{"count":30067,"self":0.99646689999999993,"total":0.99646689999999993,"children":null},"AgentInfo.ToProto":{"count":956,"self":0.013987999999999999,"total":0.0314805,"children":{"GenerateSensorData":{"count":956,"self":0.015977599999999998,"total":0.017492499999999998,"children":{"RayPerceptionSensor.Perceive":{"count":956,"self":0.0015149,"total":0.0015149,"children":null}}}}}},"gauges":{"Jumper.CumulativeReward":{"count":956,"max":-99.6169,"min":-100.0235,"runningAverage":-99.98499,"value":-100.0003,"weightedAverage":-100.002289}},"metadata":{"timer_format_version":"0.1.0","start_time_seconds":"1675784047","unity_version":"2022.2.1f1","command_line_arguments":"C:\\Program Files\\Unity\\Hub\\Editor\\2022.2.1f1\\Editor\\Unity.exe -projectpath D:\\Repos\\Github\\MachineLearning\\ML_CarJumper -useHub -hubIPC -cloudEnvironment production -licensingIpc LicenseClient-crawf -hubSessionId 6072f7a0-a4b0-11ed-bb8a-1bea46f8dd5e -accessToken 5vSxR65-GfsizqV4yBuBPPgmvTnov0Kq5IxZ1_UgV2s008f","communication_protocol_version":"1.5.0","com.unity.ml-agents_version":"2.0.1","scene_name":"ML Learning","end_time_seconds":"1675784696"}}